{"cameraMode":{"drawMode":0,"name":"Shaded","section":"Shading Mode"},"sceneLighting":true,"audioPlay":false,"sceneViewState":{"m_AlwaysRefresh":false,"showFog":true,"showSkybox":false,"showFlares":true,"showImageEffects":true,"showParticleSystems":true,"showVisualEffectGraphs":true,"m_FxEnabled":true},"in2DMode":false,"pivot":{"x":-0.6597656011581421,"y":28.67803192138672,"z":41.896644592285159},"rotation":{"x":0.12998086214065553,"y":-0.6737886071205139,"z":-0.12282169610261917,"w":-0.7177820801734924},"size":0.02740207314491272,"orthographic":false}