{"cameraMode":{"drawMode":0,"name":"Shaded","section":"Shading Mode"},"sceneLighting":false,"audioPlay":false,"sceneViewState":{"m_AlwaysRefresh":false,"showFog":true,"showSkybox":false,"showFlares":true,"showImageEffects":true,"showParticleSystems":true,"showVisualEffectGraphs":true,"m_FxEnabled":true},"in2DMode":false,"pivot":{"x":-4.410645961761475,"y":4.333464622497559,"z":21.687847137451173},"rotation":{"x":0.00031362849404104054,"y":0.9917305707931519,"z":-0.12896032631397248,"w":0.0017600305145606399},"size":3.8179163932800295,"orthographic":false}