{"cameraMode":{"drawMode":0,"name":"Shaded","section":"Shading Mode"},"sceneLighting":true,"audioPlay":false,"sceneViewState":{"m_AlwaysRefresh":false,"showFog":true,"showSkybox":false,"showFlares":true,"showImageEffects":true,"showParticleSystems":true,"showVisualEffectGraphs":true,"m_FxEnabled":true},"in2DMode":false,"pivot":{"x":-10.597460746765137,"y":26.43525505065918,"z":51.910152435302737},"rotation":{"x":0.08315841853618622,"y":-0.34942901134490969,"z":0.03099134936928749,"w":0.9333730936050415},"size":7.274614334106445,"orthographic":false}