{"cameraMode":{"drawMode":0,"name":"Shaded","section":"Shading Mode"},"sceneLighting":true,"audioPlay":false,"sceneViewState":{"m_AlwaysRefresh":false,"showFog":true,"showSkybox":true,"showFlares":true,"showImageEffects":true,"showParticleSystems":true,"showVisualEffectGraphs":true,"m_FxEnabled":true},"in2DMode":false,"pivot":{"x":-15.036468505859375,"y":5.2400665283203129,"z":27.553834915161134},"rotation":{"x":-0.007465207017958164,"y":0.9915008544921875,"z":-0.04171150177717209,"w":-0.1282312124967575},"size":7.113500118255615,"orthographic":false}