{"cameraMode":{"drawMode":0,"name":"Shaded","section":"Shading Mode"},"sceneLighting":true,"audioPlay":false,"sceneViewState":{"m_AlwaysRefresh":false,"showFog":true,"showSkybox":true,"showFlares":true,"showImageEffects":true,"showParticleSystems":true,"showVisualEffectGraphs":true,"m_FxEnabled":true},"in2DMode":false,"pivot":{"x":-12.264676094055176,"y":3.663654327392578,"z":38.285823822021487},"rotation":{"x":0.014978616498410702,"y":0.8167906999588013,"z":-0.5773018002510071,"w":0.01827467605471611},"size":1.6955314874649048,"orthographic":false}