{"cameraMode":{"drawMode":0,"name":"Shaded","section":"Shading Mode"},"sceneLighting":true,"audioPlay":false,"sceneViewState":{"m_AlwaysRefresh":false,"showFog":true,"showSkybox":true,"showFlares":true,"showImageEffects":true,"showParticleSystems":true,"showVisualEffectGraphs":true,"m_FxEnabled":true},"in2DMode":false,"pivot":{"x":-2.785244941711426,"y":7.261989593505859,"z":36.756160736083987},"rotation":{"x":0.10355179756879807,"y":0.03378504887223244,"z":-0.005733923986554146,"w":0.9946627020835877},"size":9.834552764892579,"orthographic":false}