{"cameraMode":{"drawMode":0,"name":"Shaded","section":"Shading Mode"},"sceneLighting":false,"audioPlay":false,"sceneViewState":{"m_AlwaysRefresh":false,"showFog":true,"showSkybox":false,"showFlares":true,"showImageEffects":true,"showParticleSystems":true,"showVisualEffectGraphs":true,"m_FxEnabled":true},"in2DMode":false,"pivot":{"x":9.472307205200196,"y":-1.4538929462432862,"z":140.02647399902345},"rotation":{"x":0.011328304186463356,"y":0.03210051357746124,"z":0.0001931054866872728,"w":0.9999603033065796},"size":70.71067810058594,"orthographic":false}