{"cameraMode":{"drawMode":0,"name":"Shaded","section":"Shading Mode"},"sceneLighting":false,"audioPlay":false,"sceneViewState":{"m_AlwaysRefresh":false,"showFog":true,"showSkybox":false,"showFlares":true,"showImageEffects":true,"showParticleSystems":true,"showVisualEffectGraphs":true,"m_FxEnabled":true},"in2DMode":false,"pivot":{"x":0.06439208984375,"y":1.3389892578125,"z":0.6300684213638306},"rotation":{"x":-0.0008159076096490026,"y":-0.5100406408309937,"z":0.00002354651405767072,"w":0.8607760071754456},"size":70.71067810058594,"orthographic":false}