{"cameraMode":{"drawMode":0,"name":"Shaded","section":"Shading Mode"},"sceneLighting":false,"audioPlay":false,"sceneViewState":{"m_AlwaysRefresh":false,"showFog":true,"showSkybox":false,"showFlares":true,"showImageEffects":true,"showParticleSystems":true,"showVisualEffectGraphs":true,"m_FxEnabled":true},"in2DMode":false,"pivot":{"x":-0.4095398187637329,"y":1.2896593809127808,"z":-0.5841877460479736},"rotation":{"x":0.003853525035083294,"y":-0.9927339553833008,"z":0.051709286868572238,"w":0.11313009262084961},"size":1.665209174156189,"orthographic":false}