{"cameraMode":{"drawMode":0,"name":"Shaded","section":"Shading Mode"},"sceneLighting":false,"audioPlay":false,"sceneViewState":{"m_AlwaysRefresh":false,"showFog":true,"showSkybox":false,"showFlares":true,"showImageEffects":true,"showParticleSystems":true,"showVisualEffectGraphs":true,"m_FxEnabled":true},"in2DMode":false,"pivot":{"x":-0.513232946395874,"y":0.1267423778772354,"z":-0.01881280541419983},"rotation":{"x":-0.05612602084875107,"y":-0.6801113486289978,"z":0.05233458802103996,"w":-0.729184091091156},"size":0.12362190335988999,"orthographic":false}